left_wrist_force,right_wrist_force
0.0,0.0
0.0,0.0
1091.515574785811,0.0
390.5124837953327,426.9923713687407
0.0,0.0
0.0,0.0
257.6941016011038,0.0
0.0,0.0
315.94179032858733,0.0
292.67200038774484,390.5124837953327
287.1705394265849,353.5533905932738
314.29473291533543,400.195264839553
310.53746634752497,291.547594742265
310.53746634752497,295.6869086084767
318.5189062344791,261.00766272276377
366.39793801219986,294.8119103767689
366.39793801219986,300.46260628866577
377.8594682918212,310.0179206289713
353.5533905932738,263.523138347365
343.3122802920221,263.523138347365
342.683003116583,340.22703871065636
343.8727334205541,404.6475866992014
343.3122802920221,450.69390943299857
300.46260628866577,479.4323434029312
326.8353249572163,623.723185591892
334.488738299786,623.723185591892
353.5533905932738,838.1527307120107
343.3122802920221,634.6477588219925
343.3122802920221,634.6477588219925
364.7692978102735,3508.91721190455
377.8594682918212,430.11626335213145
377.8594682918212,430.11626335213145
353.5533905932738,462.3143604748122
353.5533905932738,1891.5932438026932
353.5533905932738,1891.5932438026932
322.1176270013798,1030.776406404415
285.31780526283313,591.1766199016729
285.31780526283313,591.1766199016729
291.547594742265,527.3151092940498
279.5084971874737,1891.5932438026932
279.5084971874737,1891.5932438026932
285.31780526283313,1193.1517552730288
285.31780526283313,743.3034373659254
285.31780526283313,743.3034373659254
282.22070455070707,1356.5683830083096
291.547594742265,4257.346591481599
295.6869086084767,1438.5563751360053
295.6869086084767,4007.8048854703434
291.547594742265,4007.8048854703434
291.547594742265,4007.8048854703434
302.9174850847721,790.5694150420951
295.6869086084767,2388.12164681785
0.0,0.0
0.0,0.0
291.547594742265,790.5694150420951
302.9174850847721,824.5283129010852
302.9174850847721,824.5283129010852
300.46260628866577,5006.2460986251945
297.7714225193616,790.5694150420951
297.7714225193616,982.344135219425
292.9864320795693,743.3034373659254
288.87497894868613,485.9126579037752
292.9864320795693,485.9126579037752
292.9864320795693,1030.776406404415
297.7714225193616,1767.7669529663685
297.7714225193616,1767.7669529663685
300.46260628866577,1397.5424859373686
288.87497894868613,790.5694150420951
0.0,0.0
0.0,0.0
297.7714225193616,712.0003121097944
297.7714225193616,368.5792919365444
297.7714225193616,368.5792919365444
303.3826224835562,1767.7669529663685
294.8119103767689,327.4881993447385
294.8119103767689,339.1420957520773
290.0453371075885,1520.690632574555
294.8119103767689,990.4053603337263
294.8119103767689,1176.8602295939825
307.2259023943795,0.0
334.488738299786,0.0
320.1562118716424,0.0
0.0,0.0
0.0,0.0
0.0,0.0
0.0,0.0
0.0,0.0
0.0,0.0
0.0,0.0
0.0,0.0
0.0,0.0
0.0,0.0
320.1562118716424,3508.9172119045447
0.0,0.0
0.0,0.0
0.0,0.0
0.0,0.0
0.0,0.0
0.0,0.0
0.0,0.0
0.0,0.0
0.0,0.0
0.0,0.0
0.0,0.0
0.0,0.0
279.5084971874737,353.5533905932738
279.5084971874737,416.66666666666674
279.5084971874737,673.1456008918132
266.0159070618096,1767.7669529663685
266.0159070618096,2015.564437074638
0.0,0.0
0.0,0.0
0.0,0.0
0.0,0.0
0.0,0.0
0.0,0.0
0.0,0.0
0.0,0.0
0.0,0.0
0.0,0.0
0.0,0.0
0.0,0.0
0.0,0.0
0.0,0.0
0.0,0.0
0.0,0.0
0.0,0.0
0.0,0.0
255.67537612993488,353.5533905932737
255.67537612993488,263.523138347365
0.0,0.0
0.0,0.0
0.0,0.0
0.0,0.0
0.0,0.0
0.0,0.0
0.0,0.0
0.0,0.0
0.0,0.0
0.0,0.0
261.5667405526047,263.523138347365
261.5667405526047,559.0169943749473
260.0039246171614,279.5084971874737
261.5667405526047,353.5533905932737
261.5667405526047,353.5533905932737
261.5667405526047,400.19526483955303
261.5667405526047,294.8119103767689
0.0,0.0
0.0,0.0
0.0,0.0
0.0,0.0
0.0,0.0
0.0,0.0
0.0,0.0
0.0,0.0
259.1307784316223,279.5084971874737
259.1307784316223,300.46260628866577
259.1307784316223,325.42706982944395
0.0,0.0
0.0,0.0
0.0,0.0
0.0,0.0
251.03093220880137,731.5437444199764
250.7385540462557,257.6941016011038
252.9412776531905,503.89110926865936
252.9412776531905,430.11626335213145
256.5704627716603,1030.7764064044154
252.5381361380527,559.0169943749473
252.5381361380527,559.0169943749473
254.9509756796392,503.8911092686594
256.5704627716603,583.9943344896843
255.67537612993488,644.2352540027593
254.9509756796392,950.1461875826151
255.67537612993488,950.1461875826151
254.9509756796392,1079.3516572461447
256.5704627716603,910.013736160065
254.9509756796392,982.3441352194252
254.9509756796392,982.3441352194252
258.73624493766704,1213.5304899342254
263.523138347365,2636.8778887161225
0.0,0.0
0.0,0.0
255.67537612993488,1336.0973954019971
255.67537612993488,1336.0973954019971
252.21243250702594,1213.5304899342254
252.5381361380527,1079.3516572461447
252.5381361380527,1079.3516572461447
252.9412776531905,1079.3516572461447
252.5381361380527,1079.3516572461447
252.5381361380527,1079.3516572461447
0.0,0.0
0.0,0.0
0.0,0.0
0.0,0.0
250.63694370746785,1336.0973954019971
252.5381361380527,1128.0514172678472
250.63694370746785,1030.7764064044154
0.0,0.0
0.0,0.0
250.63694370746785,870.0255424092126
250.55493963954848,830.2024518821362
250.55493963954848,830.2024518821362
250.63694370746785,870.0255424092126
250.55493963954848,830.2024518821362
250.55493963954848,830.2024518821362
250.0,934.0770846134702
250.55493963954848,790.5694150420948
250.55493963954848,790.5694150420948
250.0,934.0770846134702
250.0,751.1565157216643
250.0,751.1565157216643
250.0,790.5694150420948
250.55493963954848,751.1565157216643
250.55493963954848,751.1565157216643
250.63694370746785,886.0022573334677
250.55493963954848,712.0003121097942
250.55493963954848,712.0003121097942
250.55493963954848,751.1565157216643
250.55493963954848,751.1565157216643
250.55493963954848,751.1565157216643
250.55493963954848,656.599153958937
250.7385540462557,689.7574255652845
250.7385540462557,689.7574255652845
250.7385540462557,689.7574255652845
250.7385540462557,689.7574255652845
250.7385540462557,689.7574255652845
252.9412776531905,689.7574255652845
255.67537612993488,689.7574255652845
0.0,0.0
0.0,0.0
252.9412776531905,656.599153958937
252.9412776531905,656.599153958937
252.5381361380527,723.1591689755926
0.0,0.0
0.0,0.0
0.0,0.0
0.0,0.0
256.5704627716603,689.7574255652845
252.9412776531905,656.599153958937
254.9509756796392,723.1591689755926
254.9509756796392,723.1591689755926
252.5381361380527,689.7574255652845
252.5381361380527,634.6477588219923
0.0,0.0
0.0,0.0
0.0,0.0
0.0,0.0
0.0,0.0
0.0,0.0
0.0,0.0
0.0,0.0
0.0,0.0
0.0,0.0
0.0,0.0
250.55493963954848,615.5536126122566
294.8119103767689,731.5437444199764
263.523138347365,587.1341946267479
265.4655133449733,587.1341946267479
0.0,0.0
0.0,0.0
0.0,0.0
0.0,0.0
0.0,0.0
0.0,0.0
0.0,0.0
0.0,0.0
0.0,0.0
0.0,0.0
0.0,0.0
258.73624493766704,751.1565157216643
269.2582403567252,689.7574255652845
0.0,0.0
0.0,0.0
330.8238873546535,790.5694150420948
0.0,0.0
0.0,0.0
291.547594742265,587.1341946267479
291.547594742265,656.599153958937
287.93777672494815,559.0169943749473
297.202088876665,615.5536126122566
297.202088876665,615.5536126122566
325.4270698294439,559.0169943749473
353.5533905932738,559.0169943749473
353.5533905932738,559.0169943749473
387.0315083165092,559.0169943749473
400.195264839553,559.0169943749473
400.195264839553,559.0169943749473
460.19219843901317,509.93221529682825
441.2838145215364,587.1341946267479
441.2838145215364,587.1341946267479
400.195264839553,559.0169943749473
400.195264839553,591.1766199016733
400.195264839553,623.7231855918922
353.5533905932738,559.0169943749473
353.5533905932738,503.8911092686594
339.1420957520773,503.8911092686594
327.4881993447385,559.0169943749473
341.16023525969285,623.7231855918922
341.16023525969285,623.7231855918922
332.1920566479578,531.25
322.1176270013798,559.0169943749473
322.1176270013798,559.0169943749473
297.7714225193616,591.1766199016733
279.5084971874737,634.6477588219923
279.5084971874737,634.6477588219923
276.29844453023435,596.5758776365147
297.7714225193616,649.9999999999999
297.7714225193616,649.9999999999999
306.0095889218354,850.0919067959651
288.87497894868613,1030.7764064044154
288.87497894868613,1030.7764064044154
292.9864320795693,1520.6906325745556
282.8732950245786,1520.6906325745556
290.0453371075885,1644.1183047457391
282.8732950245786,1397.5424859373695
282.511980968209,2761.340254296813
282.511980968209,2761.340254296813
0.0,0.0
0.0,0.0
274.6146812180585,3010.398644698071
274.6146812180585,3010.398644698071
0.0,0.0
1111.8053386771944,251.03093220880137
0.0,0.0
0.0,3010.398644698071
261.00766272276377,3259.6012026013277
261.00766272276377,3259.6012026013277
0.0,2263.8462845343556
0.0,353.5533905932738
0.0,522.0818369225697
353.5533905932737,294.8119103767689
336.3406011768427,332.1920566479578
496.15871390892164,317.9373895493724
886.0022573334677,260.58889921572575
0.0,260.58889921572575
337.8651988026933,275.34271275531444
367.40333027966926,254.35657181405793
367.40333027966926,257.6941016011038
0.0,0.0
0.0,0.0
0.0,0.0
0.0,0.0
369.9731953659024,283.93890500448845
462.3143604748122,0.0
596.5758776365147,337.8651988026934
596.5758776365147,0.0
0.0,259.1307784316223
1091.5155747858114,271.9918966379967
1091.5155747858114,271.9918966379967
1356.5683830083087,254.9509756796392
5505.678886386307,450.69390943299857
5505.678886386307,450.69390943299857
3508.91721190455,421.44370432878384
1225.7650672131265,353.5533905932738
1225.7650672131265,353.5533905932738
934.0770846134702,266.0159070618096
1685.3123680130575,259.1307784316223
1071.2466776818706,261.5667405526047
1829.6601460380566,366.39793801219986
2429.5632895188746,253.4484387624258
2512.4689052802255,263.523138347365
1225.7650672131265,353.5533905932738
2098.2797186690295,0.0
2015.5644370746359,0.0
1079.3516572461447,0.0
0.0,0.0
0.0,306.0095889218355
0.0,0.0
508.0709543701117,731.5437444199765
0.0,0.0
1685.3123680130575,0.0
0.0,0.0
0.0,0.0
982.3441352194252,559.0169943749474
0.0,0.0
0.0,0.0
1336.0973954019971,623.723185591892
1336.0973954019971,0.0
950.1461875826151,0.0
1213.5304899342254,1193.1517552730288
1336.0973954019971,0.0
0.0,0.0
0.0,0.0
0.0,0.0
1520.6906325745556,858.6296628693794
0.0,0.0
1685.3123680130575,1152.4430571616115
1397.5424859373695,673.1456008918132
1336.0973954019971,591.1766199016729
1152.4430571616108,0.0
934.0770846134702,373.71177908538084
934.0770846134702,353.5533905932738
1336.0973954019971,673.1456008918132
790.5694150420948,1520.690632574555
934.0770846134702,1356.5683830083096
660.2702402224841,1176.8602295939825
830.2024518821362,830.2024518821365
870.0255424092126,810.3604307823639
1030.7764064044154,312.5
656.599153958937,656.5991539589368
656.599153958937,656.5991539589368
534.3162239353151,950.1461875826146
559.0169943749473,1274.7548783981958
604.1522986797286,1071.2466776818703
760.9872288678698,824.5283129010852
850.0919067959651,644.2352540027596
850.0919067959651,644.2352540027596
738.0739030881346,656.5991539589368
950.1461875826151,790.5694150420951
862.0469824783333,756.7721464434675
970.260918516252,644.2352540027596
1233.924407913404,673.1456008918132
1233.924407913404,634.6477588219925
1274.7548783981965,712.0003121097944
1309.7943443494469,673.1456008918132
1274.7548783981965,673.1456008918132
1356.5683830083087,591.1766199016729
927.1967846962264,673.1456008918132
1274.7548783981965,838.1527307120107
1422.1462653327897,609.2142277628142
2139.6553460779623,751.1565157216645
2139.6553460779623,751.1565157216645
1084.75689943148,838.1527307120103
990.4053603337259,790.5694150420951
990.4053603337259,790.5694150420951
843.4570250382768,1520.6906325745556
696.4194138592061,2263.846284534353
766.8930825088984,1030.7764064044154
958.1883948368395,3508.91721190455
958.1883948368395,3758.324094593226
503.8911092686594,3508.91721190455
524.8978486136994,2139.6553460779623
524.8978486136994,2139.6553460779623
559.0169943749473,1438.556375136006
596.5758776365147,3010.3986446980753
596.5758776365147,3010.3986446980753
620.7500128976209,1767.7669529663685
673.1456008918129,4506.939094329989
0.0,0.0
0.0,0.0
400.19526483955303,1438.5563751360053
0.0,1438.5563751360053
0.0,2885.849095153797
990.4053603337259,2139.6553460779605
0.0,2139.6553460779605
390.51248379533274,559.0169943749474
294.8119103767689,2015.564437074638
0.0,0.0
0.0,886.0022573334674
0.0,4756.574397610117
1372.9530217745985,4506.939094329989
1705.9180079945215,2139.6553460779605
2263.846284534353,1438.5563751360053
1850.3002759312096,1520.690632574555
790.5694150420948,4007.8048854703434
0.0,4257.346591481599
0.0,4257.346591481599
2015.5644370746359,850.0919067959655
2015.5644370746359,850.0919067959655
1582.3736126465212,850.0919067959655
961.6365727025903,2139.6553460779605
961.6365727025903,2139.6553460779605
1111.8053386771944,910.0137361600647
1438.556375136006,838.1527307120107
1891.5932438026948,838.1527307120107
0.0,0.0
536.7727638395972,485.9126579037751
514.78150704935,0.0
491.4204745838707,0.0
480.81828635129494,316.7153958608716
480.81828635129494,0.0
457.6510072581994,0.0
485.9126579037751,604.1522986797286
0.0,0.0
0.0,0.0
0.0,0.0
0.0,0.0
0.0,0.0
0.0,0.0
0.0,0.0
471.6990566028301,559.0169943749474
471.6990566028301,0.0
0.0,0.0
0.0,353.5533905932738
950.1461875826151,673.1456008918129
0.0,0.0
0.0,0.0
0.0,0.0
559.0169943749473,353.5533905932737
0.0,0.0
0.0,0.0
252.79685520195855,353.5533905932738
252.79685520195855,450.69390943299857
259.465856837075,353.5533905932737
310.5374663475249,1030.7764064044154
0.0,0.0
263.523138347365,790.5694150420948
0.0,0.0
626.9968101992226,0.0
0.0,0.0
0.0,0.0
712.0003121097942,407.2055089639778
0.0,0.0
251.24689052802225,485.9126579037752
0.0,0.0
0.0,0.0
0.0,0.0
450.6939094329986,559.0169943749474
0.0,0.0
353.5533905932737,250.0
353.5533905932737,250.0
250.0,250.0
353.5533905932737,250.0
353.5533905932737,250.0
353.5533905932738,263.523138347365
353.5533905932737,263.523138347365
0.0,0.0
531.25,316.7153958608716
0.0,0.0
353.5533905932738,250.0
250.0,263.523138347365
250.0,263.523138347365
250.0,263.523138347365
279.5084971874737,250.0
263.523138347365,250.0
250.0,263.523138347365
257.6941016011038,263.523138347365
257.6941016011038,263.523138347365
0.0,0.0
0.0,0.0
0.0,0.0
527.3151092940498,559.0169943749474
1274.7548783981958,1152.4430571616115
1274.7548783981958,1030.776406404415
559.0169943749474,596.5758776365146
400.195264839553,353.5533905932738
400.195264839553,353.5533905932738
790.5694150420951,353.5533905932738
0.0,0.0
0.0,1644.1183047457391
312.5,1582.3736126465212
251.94555463432968,1644.1183047457391
0.0,0.0
0.0,0.0
430.1162633521314,381.71987002460014
0.0,0.0
0.0,0.0
250.0,279.5084971874737
0.0,0.0
260.0039246171614,1152.4430571616108
596.5758776365147,279.5084971874737
559.0169943749473,250.0
1644.118304745738,559.0169943749473
320.1562118716424,450.6939094329986
0.0,0.0
0.0,0.0
253.0971587062019,450.6939094329986
253.0971587062019,407.2055089639778
250.34602092684798,379.64806474052324
256.37532210632907,503.8911092686594
256.37532210632907,450.6939094329986
258.90215418915886,559.0169943749473
264.87025125521365,1397.5424859373695
264.87025125521365,1397.5424859373695
258.3666157392329,870.0255424092126
265.70660511172844,615.5536126122566
264.5541633114924,615.5536126122566
269.2582403567252,450.6939094329986
286.53097563788805,514.78150704935
281.7800560721074,514.78150704935
291.547594742265,1030.7764064044154
283.3333333333333,435.9484148476321
283.3333333333333,407.20550896397776
291.547594742265,2512.4689052802255
283.93890500448845,559.0169943749474
283.93890500448845,559.0169943749474
283.3333333333333,615.5536126122565
309.1243297439874,790.5694150420951
309.1243297439874,673.1456008918132
376.2998305872593,465.6573146573321
425.0459533979826,390.5124837953327
425.0459533979826,390.5124837953327
450.69390943299857,435.94841484763225
439.20523057894155,435.94841484763225
462.3143604748122,435.94841484763225
634.6477588219925,559.0169943749473
634.6477588219925,0.0
0.0,353.5533905932738
1450.2814645890676,5505.678886386322
0.0,0.0
910.013736160065,731.5437444199765
1644.118304745738,514.78150704935
1644.118304745738,514.78150704935
394.79640009866375,731.5437444199765
300.46260628866577,471.6990566028301
0.0,0.0
251.33413339850432,283.93890500448845
731.5437444199765,254.5808133629563
0.0,0.0
250.13003902049712,450.69390943299857
251.24689052802225,509.9322152968283
251.24689052802225,559.0169943749474
250.63694370746785,396.45246400169816
250.5197510807914,279.5084971874737
250.5197510807914,279.5084971874737
252.36691669490426,712.0003121097944
253.95469023799808,559.0169943749474
253.95469023799808,583.9943344896848
254.25055958788855,1193.1517552730288
254.25055958788855,927.1967846962267
254.25055958788855,927.1967846962267
251.53847605937267,696.4194138592059
252.7285937769663,257.6941016011038
0.0,0.0
1100.2087000535262,251.53847605937267
1953.5624510109744,253.4484387624258
2678.3597799980307,253.4484387624258
0.0,0.0
255.67537612993488,1213.530489934225
256.09845714702465,1152.4430571616115
259.6150997149434,1520.690632574555
258.90215418915886,2761.3402542968165
258.90215418915886,2844.341360979333
267.00011704117287,1030.776406404415
298.1715110469141,892.8571428571424
298.1715110469141,892.8571428571424
485.9126579037752,634.6477588219925
1685.3123680130566,858.6296628693792
1685.3123680130566,858.6296628693792
1520.6906325745556,485.9126579037752
3508.91721190455,559.0169943749474
1030.776406404415,509.9322152968283
0.0,534.3162239353152
407.2055089639778,503.89110926865936
390.51248379533274,559.0169943749474
0.0,0.0
587.134194626748,481.71586335762345
411.55643382755176,507.08646028137247
0.0,0.0
433.5135843059336,712.0003121097944
460.19219843901334,712.0003121097944
377.85946829182114,1152.4430571616115
712.0003121097942,609.2142277628142
760.9872288678698,583.9943344896848
1850.3002759312096,404.6475866992014
1685.3123680130575,485.9126579037752
1685.3123680130575,485.9126579037752
751.1565157216643,503.89110926865936
373.71177908538084,656.5991539589368
394.79640009866375,656.5991539589368
0.0,536.7727638395971
421.44370432878384,790.5694150420951
421.44370432878384,790.5694150420951
0.0,1030.776406404415
471.6990566028301,477.0105475773045
0.0,373.71177908538084
379.64806474052324,623.723185591892
312.5,462.3143604748122
312.5,462.3143604748122
400.19526483955303,462.3143604748122
353.5533905932737,534.3162239353152
0.0,0.0
0.0,0.0
559.0169943749473,471.69905660283024
0.0,0.0
0.0,0.0
0.0,0.0
0.0,0.0
1397.5424859373695,439.20523057894155
838.1527307120103,416.66666666666674
0.0,0.0
0.0,0.0
0.0,0.0
0.0,0.0
0.0,0.0
250.0,559.0169943749474
250.0,353.5533905932737
0.0,0.0
273.57938338322515,265.1140643723522
0.0,0.0
0.0,0.0
0.0,0.0
0.0,0.0
0.0,0.0
0.0,0.0
0.0,0.0
0.0,0.0
0.0,0.0
0.0,0.0
0.0,0.0
0.0,0.0
0.0,0.0
0.0,0.0
0.0,0.0
0.0,0.0
0.0,0.0
0.0,0.0
0.0,0.0
0.0,0.0
0.0,0.0
0.0,0.0
0.0,0.0
0.0,0.0
282.8732950245786,272.8788936964528
282.8732950245786,272.8788936964528
0.0,0.0
369.97319536590237,2015.5644370746359
1274.7548783981965,275.8824226207808
1274.7548783981965,275.8824226207808
0.0,0.0
0.0,0.0
0.0,0.0
0.0,0.0
256.5704627716603,296.3273820546659
255.67537612993488,250.0
465.6573146573321,284.77191104867427
435.9484148476321,284.77191104867427
3508.9172119045447,283.93890500448845
559.0169943749473,723.1591689755925
577.7260259942519,723.1591689755925
384.14768572053697,503.89110926865936
512.4826866881697,334.488738299786
501.0377043331519,334.488738299786
344.37506127111584,329.2694449033175
491.4204745838707,373.71177908538084
474.96496289340274,0.0
790.5694150420948,1193.1517552730295
591.1766199016733,379.64806474052324
591.1766199016733,407.2055089639778
341.16023525969285,407.2055089639778
312.5,353.5533905932737
312.5,353.5533905932737
309.12432974398735,435.94841484763225
673.1456008918129,379.64806474052324
615.5536126122566,379.64806474052324
790.5694150420948,407.2055089639778
3010.3986446980753,465.65731465733205
0.0,0.0
0.0,0.0
2512.4689052802228,790.5694150420948
0.0,0.0
0.0,0.0
0.0,0.0
0.0,0.0
0.0,0.0
0.0,0.0
0.0,0.0
0.0,0.0
0.0,0.0
0.0,0.0
527.3151092940501,252.5381361380527
450.69390943299857,250.0
439.20523057894155,250.48780534189683
990.4053603337263,266.0159070618096
1152.4430571616115,790.5694150420951
0.0,336.3406011768427
435.94841484763225,4257.346591481606
0.0,0.0
0.0,0.0
0.0,0.0
0.0,0.0
422.7517099485972,0.0
426.9923713687407,269.2582403567252
364.7692978102735,634.6477588219925
376.2998305872593,0.0
463.77568998924465,0.0
462.3143604748122,934.0770846134706
485.9126579037751,0.0
353.5533905932737,0.0
585.4714481586582,1685.3123680130575
0.0,0.0
0.0,0.0
0.0,0.0
0.0,0.0
423.71689968696364,6005.206074732141
333.4054131986657,0.0
485.9126579037751,1520.690632574555
485.9126579037751,0.0
463.77568998924465,1767.7669529663685
463.77568998924465,1091.515574785811
0.0,0.0
0.0,0.0
416.66666666666663,2636.8778887161225
388.1169483866944,2636.8778887161225
362.9766901087822,2512.4689052802255
333.4054131986657,1685.3123680130575
0.0,0.0
0.0,0.0
0.0,0.0
0.0,0.0
0.0,0.0
0.0,0.0
260.58889921572575,271.9918966379967
275.3427127553145,273.57938338322515
367.40333027966926,790.5694150420951
367.40333027966926,850.0919067959655
0.0,1091.515574785811
400.19526483955303,251.94555463432968
337.8651988026933,450.69390943299857
340.2270387106564,790.5694150420951
379.64806474052324,950.1461875826146
353.5533905932737,294.8119103767689
353.5533905932737,285.98972613852783
394.79640009866375,307.2259023943795
379.64806474052324,279.5084971874737
0.0,0.0
0.0,0.0
340.2270387106564,251.03093220880137
0.0,0.0
0.0,0.0
442.72555512389766,751.1565157216645
450.6939094329986,656.5991539589368
403.4572812303402,400.195264839553
408.8658463075837,485.9126579037752
420.59851900220855,559.0169943749474
323.8634639050771,332.1920566479578
386.01190436490265,910.0137361600647
0.0,0.0
0.0,0.0
380.9937663532042,1213.530489934225
392.5377339520078,1213.530489934225
305.16389039334257,394.79640009866375
314.2947329153354,522.0818369225697
314.2947329153354,522.0818369225697
0.0,394.79640009866375
6504.805915628853,450.69390943299857
2098.279718669028,410.03048667141803
6005.206074732141,410.03048667141803
377.8594682918212,425.0459533979826
377.8594682918212,425.0459533979826
270.1105528182889,471.69905660283024
260.41666666666663,337.8651988026934
260.41666666666663,337.8651988026934
270.1105528182889,329.2694449033175
276.8976988003097,353.5533905932738
276.8976988003097,353.5533905932738
269.2582403567252,339.1420957520773
272.60730878227065,336.3406011768427
268.4584572875754,336.3406011768427
262.34991774125444,261.00766272276377
262.48809496813374,430.11626335213145
261.5667405526047,353.5533905932738
258.90215418915886,353.5533905932738
255.83918034651782,465.6573146573321
259.1307784316223,465.6573146573321
256.5704627716603,712.0003121097944
258.3666157392329,656.5991539589368
257.6941016011038,634.6477588219925
255.83918034651782,531.25
255.83918034651782,559.0169943749474
255.83918034651782,559.0169943749474
260.0039246171614,390.5124837953327
282.8732950245786,450.69390943299857
282.8732950245786,485.9126579037752
365.5285366576885,1520.690632574555
858.6296628693792,2139.6553460779623
858.6296628693792,2139.6553460779623
892.8571428571424,559.0169943749473
400.195264839553,536.7727638395972
403.45728123034013,540.4634071280354
353.5533905932738,559.0169943749473
335.4618101047885,450.6939094329986
335.4618101047885,450.6939094329986
343.3122802920221,465.65731465733205
353.5533905932738,450.6939094329986
353.5533905932738,450.6939094329986
353.5533905932738,416.66666666666663
353.5533905932738,384.14768572053697
353.5533905932738,384.14768572053697
353.5533905932738,390.51248379533274
343.3122802920221,400.19526483955303
343.3122802920221,400.19526483955303
365.5285366576885,300.46260628866577
353.5533905932738,353.5533905932737
343.3122802920221,353.5533905932737
364.7692978102735,279.5084971874737
364.7692978102735,294.8119103767689
364.7692978102735,294.8119103767689
379.64806474052324,300.46260628866577
377.8594682918212,291.547594742265
377.8594682918212,291.547594742265
366.39793801219986,285.9897261385278
365.5285366576885,300.46260628866577
365.5285366576885,300.46260628866577
353.5533905932738,269.2582403567252
390.5124837953327,269.2582403567252
390.5124837953327,269.2582403567252
0.0,0.0
0.0,0.0
0.0,0.0
0.0,0.0
407.20550896397776,291.547594742265
377.8594682918212,307.2259023943795
393.2627775990223,300.46260628866577
393.2627775990223,300.46260628866577
411.55643382755176,260.0039246171614
390.5124837953327,271.9918966379967
390.5124837953327,271.9918966379967
377.8594682918212,377.85946829182114
376.2998305872593,283.3333333333333
0.0,0.0
0.0,0.0
403.45728123034013,279.5084971874737
411.55643382755176,279.5084971874737
411.55643382755176,279.5084971874737
407.20550896397776,362.50000000000006
390.5124837953327,343.8727334205541
407.20550896397776,364.100541268822
390.5124837953327,281.980908066801
390.5124837953327,304.54186361134566
0.0,0.0
536.7727638395972,0.0
323.0152364443613,353.5533905932738
0.0,0.0
0.0,0.0
0.0,0.0
283.6139316833677,293.54495235526434
0.0,0.0
334.488738299786,328.11011871016717
323.8634639050771,330.8238873546535
333.4054131986657,330.8238873546535
0.0,0.0
0.0,0.0
0.0,0.0
0.0,0.0
0.0,0.0
0.0,0.0
0.0,0.0
0.0,0.0
0.0,0.0
0.0,0.0
332.1920566479578,316.71539586087164
325.4270698294439,339.1420957520772
323.8634639050771,388.686374221774
323.8634639050771,397.8755944540096
323.8634639050771,342.683003116583
332.1920566479578,345.23809523809524
332.1920566479578,345.23809523809524
325.4270698294439,322.11762700137973
333.4054131986657,290.0453371075885
325.4270698294439,290.0453371075885
333.4054131986657,291.547594742265
316.7153958608716,286.83687110446596
316.7153958608716,286.83687110446596
333.4054131986657,279.5084971874737
316.7153958608716,286.83687110446596
316.7153958608716,291.547594742265
316.7153958608716,279.5084971874737
314.7196258681279,285.9897261385278
314.7196258681279,285.9897261385278
305.16389039334257,284.77191104867427
302.9174850847721,288.8749789486862
302.9174850847721,288.8749789486862
305.16389039334257,294.8119103767689
305.16389039334257,290.0453371075885
310.53746634752497,282.8732950245786
305.16389039334257,285.9897261385278
307.2259023943795,276.29844453023435
307.2259023943795,282.8732950245786
312.5,279.5084971874737
318.5189062344791,285.9897261385278
312.5,285.9897261385278
316.7153958608716,276.6288952845873
308.38337932186835,282.51198096820906
308.38337932186835,282.51198096820906
310.53746634752497,267.0001170411728
325.4270698294439,270.83333333333337
318.5189062344791,272.6073087822707
316.7153958608716,285.3178052628332
325.4270698294439,262.34991774125444
325.4270698294439,262.34991774125444
333.4054131986657,276.6288952845873
333.4054131986657,312.5
333.4054131986657,0.0
333.4054131986657,471.69905660283024
325.4270698294439,573.0350256528828
325.4270698294439,573.0350256528828
379.64806474052324,514.7815070493501
411.55643382755176,403.45728123034013
411.55643382755176,421.44370432878384
379.64806474052324,416.66666666666674
353.5533905932738,365.5285366576885
364.10054126882204,365.5285366576885
368.5792919365444,407.20550896397776
353.5533905932738,408.86584630758375
353.5533905932738,408.86584630758375
425.0459533979826,463.7756899892448
462.3143604748122,609.2142277628142
503.89110926865936,559.0169943749474
559.0169943749474,591.1766199016729
850.0919067959655,712.0003121097944
743.3034373659254,623.723185591892
1274.7548783981958,587.134194626748
1193.1517552730288,559.0169943749474
1193.1517552730288,559.0169943749474
3758.324094593226,493.0770730829004
3508.91721190455,559.0169943749474
3508.91721190455,591.1766199016729
3758.324094593226,615.5536126122565
4257.346591481606,689.7574255652844
2139.6553460779623,587.134194626748
4007.8048854703497,522.0818369225697
1030.7764064044154,572.2081311277564
1030.7764064044154,546.6296848376229
934.0770846134702,337.8651988026934
934.0770846134702,404.6475866992014
934.0770846134702,430.11626335213145
1030.7764064044154,587.134194626748
1438.556375136006,1767.7669529663685
1438.556375136006,1829.660146038055
1438.556375136006,3508.91721190455
2139.6553460779623,760.98722886787
2139.6553460779623,600.017217383822
4756.574397610106,364.7692978102735
3758.3240945932334,450.69390943299857
4007.8048854703434,479.4323434029312
4007.8048854703434,433.5135843059336
4257.346591481599,316.7153958608716
0.0,0.0
0.0,0.0
4257.346591481599,323.8634639050771
4506.939094329989,353.5533905932738
4506.939094329979,365.5285366576885
2263.846284534353,460.19219843901317
2139.6553460779623,460.19219843901317
2263.846284534353,479.4323434029312
2263.846284534353,609.2142277628142
2263.846284534353,536.7727638395971
1438.556375136006,421.44370432878384
1213.5304899342254,316.7153958608716
1213.5304899342254,294.8119103767689
934.0770846134702,294.8119103767689
1152.4430571616108,353.5533905932738
1152.4430571616108,0.0
325.4270698294439,3758.324094593226
279.5084971874737,416.66666666666674
330.8238873546535,353.5533905932738
279.5084971874737,287.93777672494815
341.16023525969285,435.9484148476321
353.5533905932737,435.9484148476321
0.0,0.0
0.0,927.1967846962267
277.9730216614644,0.0
503.89110926865936,0.0
305.69581517072544,250.63694370746785
258.4088774190896,0.0
343.8727334205541,250.0
353.5533905932738,271.9918966379967
353.5533905932738,271.9918966379967
344.3750612711158,317.9373895493724
344.3750612711158,263.523138347365
344.3750612711158,266.0159070618096
363.5070091195111,275.34271275531444
374.92790541123424,263.523138347365
374.92790541123424,263.523138347365
363.5070091195111,297.202088876665
374.92790541123424,275.8824226207808
374.92790541123424,0.0
298.8782038510295,0.0
353.5533905932738,286.83687110446596
0.0,0.0
0.0,0.0
0.0,0.0
0.0,0.0
276.76987281855656,0.0
329.2694449033175,323.01523644436134
0.0,0.0
0.0,0.0
353.5533905932738,336.3406011768427
353.5533905932738,336.3406011768427
341.9714088113866,376.2998305872593
353.5533905932738,485.9126579037752
353.5533905932738,673.1456008918132
335.4618101047885,1152.4430571616115
343.8727334205541,425.0459533979826
343.8727334205541,425.0459533979826
343.3122802920221,425.0459533979826
341.9714088113866,465.6573146573321
341.9714088113866,465.6573146573321
353.5533905932738,559.0169943749474
329.2694449033175,696.4194138592059
329.2694449033175,696.4194138592059
353.5533905932738,650.0000000000001
353.5533905932738,604.1522986797287
353.5533905932738,604.1522986797287
400.195264839553,731.5437444199764
400.195264839553,604.1522986797287
400.195264839553,604.1522986797287
367.40333027966926,450.69390943299857
416.66666666666674,485.9126579037752
396.45246400169816,485.9126579037752
396.45246400169816,485.9126579037752
416.66666666666674,522.0818369225697
416.66666666666674,522.0818369225697
422.75170994859707,465.6573146573321
400.195264839553,465.6573146573321
400.195264839553,465.6573146573321
400.195264839553,485.9126579037752
396.45246400169816,559.0169943749474
396.45246400169816,604.1522986797287
396.45246400169816,559.0169943749474
396.45246400169816,522.0818369225697
396.45246400169816,522.0818369225697
426.9923713687407,485.9126579037752
493.0770730829004,522.0818369225697
493.0770730829004,522.0818369225697
509.9322152968283,615.5536126122565
689.7574255652844,559.0169943749473
751.1565157216645,329.26944490331744
751.1565157216645,329.26944490331744
712.0003121097944,390.51248379533274
712.0003121097944,271.9918966379967
751.1565157216645,271.9918966379967
790.5694150420951,287.9377767249482
712.0003121097944,256.09845714702465
712.0003121097944,256.09845714702465
910.0137361600647,485.9126579037751
838.1527307120107,390.51248379533274
838.1527307120107,390.51248379533274
591.1766199016729,279.5084971874737
0.0,0.0
0.0,0.0
743.3034373659254,307.2259023943795
650.0000000000001,254.09863380679428
910.0137361600647,329.26944490331744
0.0,0.0
0.0,0.0
0.0,0.0
0.0,0.0
0.0,0.0
0.0,0.0
970.2609185162515,503.8911092686594
970.2609185162515,353.5533905932737
910.0137361600647,503.8911092686594
910.0137361600647,430.1162633521314
712.0003121097944,279.5084971874737
870.0255424092123,279.5084971874737
0.0,0.0
0.0,0.0
1111.8053386771949,416.66666666666663
2761.3402542968165,251.94555463432968
1397.5424859373686,250.0
2761.3402542968165,254.09863380679428
3010.3986446980753,250.0
0.0,0.0
0.0,0.0
3010.3986446980753,353.5533905932738
0.0,0.0
0.0,0.0
0.0,0.0
0.0,0.0
0.0,0.0
0.0,0.0
0.0,0.0
0.0,0.0
0.0,0.0
0.0,0.0
0.0,0.0
0.0,0.0
0.0,0.0
0.0,0.0
0.0,0.0
0.0,0.0
2512.4689052802228,300.46260628866577
2761.3402542968165,634.6477588219925
1030.776406404415,5505.678886386307
1030.776406404415,5505.678886386307
1030.776406404415,6005.206074732156
2512.4689052802228,5505.678886386307
2512.4689052802228,5505.678886386307
2512.4689052802228,5505.678886386307
910.0137361600647,5255.949010407159
1274.7548783981958,1030.776406404415
2761.3402542968165,0.0
0.0,0.0
0.0,0.0
0.0,0.0
0.0,0.0
2761.340254296813,2015.564437074638
2761.340254296813,0.0
427.8589389097046,450.69390943299857
6005.206074732156,1397.5424859373695
0.0,0.0
0.0,0.0
0.0,0.0
0.0,0.0
0.0,0.0
263.523138347365,1582.3736126465203
0.0,0.0
712.0003121097942,254.9509756796392
0.0,0.0
1274.7548783981965,4257.346591481599
2512.4689052802255,4756.574397610117
1397.5424859373695,1438.5563751360053
1397.5424859373695,1438.5563751360053
0.0,0.0
0.0,0.0
2761.3402542968165,1520.690632574555
2761.340254296813,790.5694150420951
1397.5424859373695,838.1527307120107
1397.5424859373695,838.1527307120107
2761.340254296813,838.1527307120107
1397.5424859373695,1356.5683830083096
1397.5424859373695,1356.5683830083096
2512.4689052802255,712.0003121097944
2512.4689052802255,634.6477588219925
0.0,0.0
0.0,0.0
731.5437444199765,315.40806667032166
731.5437444199765,410.03048667141803
790.5694150420948,712.0003121097944
950.1461875826151,673.1456008918132
950.1461875826151,673.1456008918132
790.5694150420948,696.4194138592059
1520.6906325745556,712.0003121097944
1520.6906325745556,712.0003121097944
2512.4689052802255,910.0137361600647
1397.5424859373695,634.6477588219925
1397.5424859373695,634.6477588219925
1397.5424859373695,790.5694150420951
950.1461875826151,790.5694150420951
950.1461875826151,790.5694150420951
1397.5424859373695,673.1456008918132
2761.340254296813,743.3034373659254
2761.340254296813,743.3034373659254
2761.340254296813,696.4194138592059
1520.6906325745556,596.5758776365146
1520.6906325745556,596.5758776365146
1397.5424859373695,596.5758776365146
1397.5424859373695,696.4194138592059
1397.5424859373695,696.4194138592059
790.5694150420948,696.4194138592059
1644.1183047457391,696.4194138592059
1520.6906325745556,596.5758776365146
1193.1517552730295,696.4194138592059
1193.1517552730295,790.5694150420951
1193.1517552730295,790.5694150420951
1274.7548783981958,650.0000000000001
1030.776406404415,650.0000000000001
689.7574255652844,790.5694150420951
306.0095889218354,731.5437444199764
306.0095889218354,731.5437444199764
254.9509756796392,790.5694150420951
251.13122749677365,790.5694150420951
251.13122749677365,790.5694150420951
266.4270622541656,604.1522986797287
364.10054126882204,604.1522986797287
364.10054126882204,604.1522986797287
559.0169943749474,731.5437444199764
581.4851674806503,731.5437444199764
581.4851674806503,731.5437444199764
468.1709386300883,559.0169943749474
363.5070091195111,673.1456008918132
363.5070091195111,673.1456008918132
285.31780526283313,450.69390943299857
250.23618333089865,559.0169943749474
250.25813119937774,559.0169943749474
253.75255499845113,673.1456008918132
292.9864320795693,450.69390943299857
292.9864320795693,450.69390943299857
430.11626335213145,376.2998305872593
712.0003121097944,407.20550896397776
712.0003121097944,407.20550896397776
790.5694150420951,400.195264839553
1193.1517552730288,400.195264839553
1274.7548783981958,400.195264839553
790.5694150420951,435.9484148476321
1193.1517552730288,353.5533905932738
1193.1517552730288,353.5533905932738
1520.690632574555,407.20550896397776
1111.8053386771949,407.20550896397776
1111.8053386771949,407.20550896397776
1520.690632574555,425.0459533979826
1193.1517552730288,425.0459533979826
1193.1517552730288,425.0459533979826
1111.8053386771949,522.0818369225697
3758.3240945932334,531.25
3758.3240945932334,531.25
3010.3986446980753,425.0459533979826
1520.690632574555,522.0818369225697
1520.690632574555,522.0818369225697
3508.9172119045447,465.6573146573321
3508.9172119045447,435.9484148476321
3508.9172119045447,435.9484148476321
3010.3986446980753,450.69390943299857
3259.6012026013277,435.9484148476321
3259.6012026013277,435.9484148476321
1767.7669529663694,435.9484148476321
3508.91721190455,604.1522986797287
3508.91721190455,604.1522986797287
1274.7548783981965,673.1456008918132
1602.9486718059463,731.5437444199764
1602.9486718059463,731.5437444199764
2015.5644370746359,604.1522986797287
1644.1183047457391,850.0919067959655
1644.1183047457391,850.0919067959655
1767.7669529663694,850.0919067959655
1891.5932438026948,850.0919067959655
3010.3986446980753,1091.515574785811
3010.3986446980753,1091.515574785811
3758.3240945932334,1520.690632574555
3259.6012026013277,1274.7548783981958
3259.6012026013277,1274.7548783981958
1644.1183047457391,1891.5932438026932
1644.1183047457391,3758.3240945932334
1644.1183047457391,4007.8048854703434
1111.8053386771944,2139.6553460779605
850.0919067959651,4257.346591481599
850.0919067959651,4257.346591481599
743.3034373659252,4257.346591481599
910.013736160065,4506.939094329989
0.0,0.0
0.0,0.0
950.1461875826151,2512.4689052802228
910.013736160065,5505.678886386307
673.1456008918129,1850.3002759312096
673.1456008918129,1850.3002759312096
531.25,982.3441352194252
439.2052305789416,320.1562118716424
439.2052305789416,336.3406011768427
531.25,252.11768488572176
410.03048667141815,250.14858842322255
430.1162633521314,250.14858842322255
503.8911092686594,262.34991774125444
439.2052305789416,281.980908066801
439.2052305789416,281.980908066801
485.9126579037751,673.1456008918129
503.8911092686594,2761.3402542968165
503.8911092686594,0.0
527.3151092940501,376.2998305872593
462.3143604748122,291.547594742265
462.3143604748122,263.523138347365
462.3143604748122,279.5084971874737
462.3143604748122,273.57938338322515
522.0818369225696,263.523138347365
527.3151092940501,450.69390943299857
527.3151092940501,0.0
422.7517099485972,0.0
404.64758669920127,3259.6012026013236
404.64758669920127,4506.939094329989
425.0459533979826,0.0
390.51248379533274,353.5533905932738
390.51248379533274,250.0
410.03048667141815,4756.574397610117
462.3143604748122,337.8651988026933
462.3143604748122,0.0
430.1162633521314,0.0
439.2052305789416,450.69390943299857
439.2052305789416,485.9126579037752
394.79640009866375,250.0
0.0,0.0
0.0,0.0
394.79640009866375,353.5533905932738
394.79640009866375,250.0
390.51248379533274,390.5124837953327
390.51248379533274,430.11626335213145
390.51248379533274,291.547594742265
410.03048667141815,485.9126579037752
410.03048667141815,400.195264839553
439.2052305789416,450.69390943299857
410.03048667141815,503.89110926865936
439.2052305789416,559.0169943749474
410.03048667141815,325.4270698294439
387.03150831650913,332.1920566479578
387.03150831650913,0.0
410.03048667141815,870.0255424092126
416.66666666666663,260.0039246171614
404.64758669920127,300.46260628866577
450.6939094329986,1520.6906325745556
450.6939094329986,790.5694150420948
416.66666666666663,416.66666666666663
450.6939094329986,252.53813613805266
450.6939094329986,250.0
450.6939094329986,254.9509756796392
450.6939094329986,252.5381361380527
450.6939094329986,250.0
430.1162633521314,1030.776406404415
430.1162633521314,353.5533905932738
485.9126579037751,325.4270698294439
450.6939094329986,250.0
400.19526483955303,870.0255424092123
400.19526483955303,790.5694150420951
471.6990566028301,261.00766272276377
404.64758669920127,270.8333333333333
404.64758669920127,270.8333333333333
366.39793801219986,0.0
400.19526483955303,269.2582403567252
400.19526483955303,261.00766272276377
441.28381452153627,0.0
450.6939094329986,712.0003121097942
450.6939094329986,0.0
400.19526483955303,0.0
509.93221529682825,369.97319536590237
509.93221529682825,369.97319536590237
450.6939094329986,369.97319536590237
441.28381452153627,284.77191104867427
441.28381452153627,274.6146812180585
471.6990566028301,329.2694449033175
416.66666666666663,337.8651988026934
416.66666666666663,353.5533905932738
471.6990566028301,310.0179206289713
509.93221529682825,312.5
509.93221529682825,312.5
441.28381452153627,307.2259023943795
0.0,0.0
0.0,0.0
0.0,0.0
0.0,0.0
441.28381452153627,310.0179206289713
400.19526483955303,274.6146812180585
441.28381452153627,270.8333333333333
422.7517099485972,323.01523644436134
471.6990566028301,270.8333333333333
471.6990566028301,270.8333333333333
416.66666666666663,263.523138347365
493.07707308290054,274.6146812180585
493.07707308290054,279.5084971874737
441.28381452153627,250.0
460.19219843901334,287.93777672494815
460.19219843901334,287.93777672494815
460.19219843901334,0.0
460.19219843901334,250.0
460.19219843901334,250.63694370746785
493.07707308290054,450.69390943299857
471.6990566028301,712.0003121097944
471.6990566028301,503.89110926865936
471.6990566028301,0.0
471.6990566028301,450.6939094329986
471.6990566028301,0.0
411.5564338275518,257.6941016011038
493.07707308290054,279.5084971874737
493.07707308290054,279.5084971874737
471.6990566028301,1520.6906325745556
493.07707308290054,300.46260628866577
493.07707308290054,279.5084971874737
450.6939094329986,263.523138347365
509.93221529682825,581.4851674806504
509.93221529682825,0.0
471.6990566028301,0.0
471.6990566028301,743.3034373659252
471.6990566028301,0.0
430.1162633521314,353.5533905932738
430.1162633521314,450.69390943299857
430.1162633521314,0.0
422.7517099485972,0.0
450.6939094329986,673.1456008918129
450.6939094329986,0.0
534.3162239353151,1356.5683830083087
534.3162239353151,1356.5683830083087
587.1341946267479,649.9999999999999
531.25,1274.7548783981965
531.25,1274.7548783981965
531.25,1602.9486718059463
485.9126579037751,1274.7548783981965
485.9126579037751,1274.7548783981965
587.1341946267479,1520.6906325745556
531.25,1225.7650672131265
531.25,1225.7650672131265
0.0,0.0
0.0,0.0
0.0,0.0
0.0,0.0
0.0,0.0
0.0,0.0
1030.7764064044154,2512.4689052802255
1274.7548783981965,3633.610463437155
1274.7548783981965,3633.610463437155
3508.91721190455,0.0
850.0919067959651,254.09863380679428
850.0919067959651,254.09863380679428
1193.1517552730295,250.0
1193.1517552730295,300.46260628866577
1274.7548783981965,300.46260628866577
1111.8053386771944,531.25
1644.1183047457391,471.6990566028301
1644.1183047457391,471.6990566028301
1767.7669529663694,400.19526483955303
1520.6906325745556,559.0169943749473
1520.6906325745556,559.0169943749473
3259.6012026013277,1891.5932438026948
3259.6012026013277,1397.5424859373695
3259.6012026013277,1397.5424859373695
3259.6012026013277,615.5536126122566
3508.91721190455,689.7574255652845
3508.91721190455,689.7574255652845
1767.7669529663694,824.5283129010855
1767.7669529663694,1128.0514172678472
1520.6906325745556,950.1461875826151
1644.1183047457391,1274.7548783981965
3259.6012026013277,1602.9486718059463
3259.6012026013277,1520.6906325745556
3259.6012026013277,2263.846284534353
1520.6906325745556,1685.3123680130575
1520.6906325745556,1685.3123680130575
3010.398644698071,3010.398644698071
3010.398644698071,5505.678886386307
950.1461875826151,1850.3002759312096
1520.6906325745556,1397.5424859373695
634.6477588219923,1932.9022507905352
2263.846284534353,2015.5644370746359
2263.846284534353,1767.7669529663694
2263.846284534353,1767.7669529663694
1152.4430571616108,1850.3002759312096
1274.7548783981965,1336.0973954019971
1274.7548783981965,1336.0973954019971
559.0169943749473,1336.0973954019971
1274.7548783981965,1274.7548783981965
1274.7548783981965,1274.7548783981965
1152.4430571616108,1274.7548783981965
790.5694150420948,1685.3123680130575
790.5694150420948,1685.3123680130575
2512.4689052802255,1767.7669529663694
950.1461875826151,1850.3002759312096
2512.4689052802255,1767.7669529663694
870.0255424092126,1932.9022507905352
2015.564437074638,2761.340254296813
2015.564437074638,2761.340254296813
1274.7548783981965,1397.5424859373695
1274.7548783981965,1397.5424859373695
2512.4689052802255,5505.678886386307
2512.4689052802255,5505.678886386307
1152.4430571616108,1932.9022507905352
2512.4689052802255,2761.340254296813
1152.4430571616108,2885.8490951538
1152.4430571616108,2885.8490951538
870.0255424092126,5505.678886386307
2512.4689052802255,2885.8490951538
2512.4689052802255,2885.8490951538
615.5536126122566,2761.340254296813
416.66666666666663,2761.340254296813
416.66666666666663,2761.340254296813
790.5694150420948,2885.8490951538
1274.7548783981965,2885.8490951538
1274.7548783981965,2885.8490951538
2512.4689052802255,2761.340254296813
2512.4689052802228,2761.340254296813
2512.4689052802228,2761.340254296813
2512.4689052802255,5006.246098625207
1274.7548783981965,4506.939094329989
1644.1183047457391,4257.346591481606
1030.7764064044154,4257.346591481606
950.1461875826151,4257.346591481599
950.1461875826151,4257.346591481599
1193.1517552730295,4007.8048854703434
1111.8053386771944,4007.8048854703434
1767.7669529663694,4257.346591481606
1891.5932438026948,4007.8048854703497
1891.5932438026948,4007.8048854703497
1356.5683830083087,4007.8048854703497
910.013736160065,4257.346591481606
910.013736160065,4007.8048854703497
0.0,0.0
0.0,0.0
0.0,0.0
0.0,0.0
0.0,0.0
0.0,0.0
3508.91721190455,2263.846284534353
1111.8053386771944,982.3441352194252
1111.8053386771944,982.3441352194252
1193.1517552730295,2139.6553460779623
1193.1517552730295,4007.8048854703497
3508.91721190455,2388.1216468178523
3508.91721190455,4756.574397610106
3259.6012026013277,4756.574397610106
3508.91721190455,4257.346591481606
3758.324094593226,4257.346591481606
3508.91721190455,3758.3240945932334
3508.91721190455,3758.3240945932334
3010.398644698071,4007.8048854703497
3010.398644698071,4007.8048854703497
1644.1183047457391,4007.8048854703434
1644.1183047457391,4007.8048854703434
1644.1183047457391,1767.7669529663685
2761.3402542968165,1767.7669529663685
2761.3402542968165,1767.7669529663685
0.0,0.0
0.0,0.0
0.0,0.0
0.0,0.0
3259.6012026013277,1193.1517552730288
3259.6012026013277,1891.5932438026932
3259.6012026013277,1891.5932438026932
2263.8462845343556,1274.7548783981958
702.256407945132,1111.8053386771949
702.256407945132,1111.8053386771949
379.64806474052324,1111.8053386771949
266.4270622541656,1111.8053386771949
265.1140643723522,850.0919067959655
256.09845714702465,1111.8053386771949
283.3333333333333,1030.776406404415
283.3333333333333,1030.776406404415
334.488738299786,1030.776406404415
541.8847232155913,673.1456008918132
524.8978486136992,673.1456008918132
1685.3123680130566,982.344135219425
2429.563289518877,1111.8053386771949
2429.563289518877,1111.8053386771949
3508.91721190455,950.1461875826146
3758.3240945932334,650.0000000000001
0.0,0.0
0.0,0.0
7504.165509901799,1030.776406404415
7254.309064273434,650.0000000000001
7254.309064273434,650.0000000000001
3883.0561417522667,1520.690632574555
2761.3402542968165,790.5694150420951
2761.3402542968165,790.5694150420951
1233.9244079134032,1111.8053386771949
1315.6377836539123,559.0169943749474
1315.6377836539123,559.0169943749474
816.9689538807077,850.0919067959655
634.6477588219925,850.0919067959655
634.6477588219925,850.0919067959655
615.5536126122565,596.5758776365146
596.5758776365146,696.4194138592059
596.5758776365146,696.4194138592059
374.92790541123424,1111.8053386771949
282.511980968209,696.4194138592059
279.5084971874737,696.4194138592059
279.5084971874737,1193.1517552730288
291.547594742265,850.0919067959655
291.547594742265,850.0919067959655
353.5533905932738,650.0000000000001
426.9923713687407,650.0000000000001
426.9923713687407,650.0000000000001
342.683003116583,634.6477588219925
320.1562118716424,790.5694150420951
0.0,0.0
0.0,0.0
0.0,0.0
0.0,0.0
0.0,0.0
0.0,0.0
372.62637522384983,496.1587139089215
0.0,0.0
0.0,0.0
0.0,0.0
0.0,0.0
353.5533905932738,596.5758776365146
364.10054126882204,596.5758776365146
408.86584630758375,870.0255424092123
0.0,0.0
0.0,0.0
465.6573146573321,673.1456008918132
790.5694150420951,514.7815070493501
790.5694150420951,514.7815070493501
4007.8048854703497,673.1456008918132
325.42706982944395,615.5536126122565
0.0,0.0
0.0,0.0
0.0,0.0
0.0,0.0
0.0,0.0
0.0,0.0
0.0,0.0
0.0,0.0
0.0,0.0
0.0,0.0
0.0,0.0
0.0,0.0
0.0,0.0
0.0,0.0
0.0,0.0
0.0,0.0
0.0,0.0
0.0,0.0
0.0,0.0
0.0,0.0
0.0,0.0
522.0818369225697,256.9884898205107
559.0169943749474,256.9884898205107
0.0,0.0
274.6146812180584,527.3151092940498
274.6146812180584,527.3151092940498
271.9918966379967,514.7815070493501
276.8976988003097,673.1456008918132
274.6146812180584,615.5536126122565
270.1105528182889,465.6573146573321
266.0159070618096,485.9126579037752
266.0159070618096,485.9126579037752
276.6288952845873,496.1587139089215
288.8749789486862,450.69390943299857
288.8749789486862,450.69390943299857
279.5084971874737,485.9126579037752
279.5084971874737,514.7815070493501
279.5084971874737,514.7815070493501
0.0,0.0
0.0,0.0
0.0,0.0
0.0,0.0
0.0,0.0
0.0,0.0
266.4270622541656,514.7815070493501
262.34991774125444,514.7815070493501
261.32207130807194,450.69390943299857
257.6941016011038,514.7815070493501
253.4484387624258,439.20523057894155
251.94555463432968,485.9126579037752
251.94555463432968,485.9126579037752
0.0,0.0
0.0,0.0
0.0,0.0
0.0,0.0
0.0,0.0
0.0,0.0
0.0,0.0
0.0,0.0
0.0,0.0
0.0,0.0
261.00766272276377,450.69390943299857
384.1476857205369,673.1456008918132
439.20523057894155,450.69390943299857
439.20523057894155,450.69390943299857
329.2694449033175,450.69390943299857
251.03093220880137,559.0169943749474
251.03093220880137,559.0169943749474
254.9509756796392,604.1522986797287
302.9174850847721,559.0169943749474
298.1715110469141,559.0169943749474
411.55643382755176,559.0169943749474
559.0169943749474,604.1522986797287
559.0169943749474,604.1522986797287
838.1527307120107,450.69390943299857
1111.8053386771949,435.9484148476321
1030.776406404415,435.9484148476321
1520.690632574555,496.1587139089215
1030.776406404415,496.1587139089215
1030.776406404415,496.1587139089215
2761.3402542968165,496.1587139089215
2263.8462845343556,496.1587139089215
2263.8462845343556,496.1587139089215
2263.8462845343556,522.0818369225697
2761.340254296813,514.7815070493501
2263.846284534353,559.0169943749474
2263.846284534353,559.0169943749474
2512.4689052802255,559.0169943749474
2512.4689052802255,522.0818369225697
2512.4689052802255,522.0818369225697
2512.4689052802255,496.1587139089215
2263.846284534353,559.0169943749474
2263.846284534353,559.0169943749474
3259.6012026013277,559.0169943749474
3259.6012026013277,559.0169943749474
1397.5424859373686,559.0169943749474
1397.5424859373686,559.0169943749474
1397.5424859373695,465.6573146573321
2761.340254296813,465.6573146573321
3010.398644698071,604.1522986797287
3508.91721190455,604.1522986797287
3508.91721190455,604.1522986797287
1030.7764064044154,731.5437444199764
3508.91721190455,743.3034373659254
3508.91721190455,743.3034373659254
3259.6012026013236,743.3034373659254
3259.6012026013236,743.3034373659254
3010.398644698071,850.0919067959655
0.0,0.0
0.0,0.0
2761.3402542968165,634.6477588219925
1397.5424859373686,790.5694150420951
1397.5424859373686,790.5694150420951
2512.4689052802228,696.4194138592059
3010.3986446980753,696.4194138592059
1397.5424859373686,696.4194138592059
2761.3402542968165,1030.776406404415
2761.3402542968165,1030.776406404415
2512.4689052802228,850.0919067959655
2761.3402542968165,1891.5932438026932
0.0,0.0
0.0,0.0
0.0,0.0
0.0,0.0
0.0,0.0
0.0,0.0
1520.690632574555,1767.7669529663685
0.0,0.0
0.0,0.0
0.0,0.0
0.0,0.0
0.0,0.0
0.0,0.0
2761.340254296813,1767.7669529663685
2761.340254296813,1767.7669529663685
3010.398644698071,790.5694150420951
1397.5424859373695,838.1527307120107
1397.5424859373695,838.1527307120107
1520.6906325745556,970.2609185162515
3259.6012026013277,910.0137361600647
3259.6012026013277,910.0137361600647
1520.6906325745556,886.0022573334674
1520.6906325745556,2263.8462845343556
1520.6906325745556,2139.6553460779605
1520.6906325745556,1520.690632574555
1030.7764064044154,1520.690632574555
1030.7764064044154,1520.690632574555
0.0,0.0
0.0,0.0
1030.7764064044154,1685.3123680130566
1030.7764064044154,1685.3123680130566
743.3034373659252,3010.3986446980753
743.3034373659252,3010.3986446980753
559.0169943749473,3134.9840509961105
527.3151092940501,2512.4689052802228
527.3151092940501,2512.4689052802228
731.5437444199765,950.1461875826146
696.4194138592061,559.0169943749474
696.4194138592061,559.0169943749474
673.1456008918129,411.55643382755176
596.5758776365147,253.86288972988334
0.0,0.0
0.0,0.0
559.0169943749473,297.202088876665
649.9999999999999,587.134194626748
0.0,0.0
0.0,0.0
0.0,0.0
0.0,0.0
0.0,0.0
0.0,0.0
0.0,0.0
0.0,0.0
649.9999999999999,518.759645932424
559.0169943749473,503.89110926865936
649.9999999999999,503.89110926865936
596.5758776365147,450.69390943299857
910.013736160065,518.759645932424
910.013736160065,518.759645932424
743.3034373659252,600.017217383822
604.1522986797286,524.8978486136992
604.1522986797286,541.8847232155913
559.0169943749473,559.0169943749474
522.0818369225696,626.9968101992225
522.0818369225696,604.1522986797287
604.1522986797286,790.5694150420951
559.0169943749473,820.2752967754176
559.0169943749473,820.2752967754176
604.1522986797286,1065.4595635840212
731.5437444199765,731.5437444199764
731.5437444199765,731.5437444199764
559.0169943749473,824.5283129010852
522.0818369225696,626.9968101992225
522.0818369225696,604.1522986797287
559.0169943749473,609.2142277628142
559.0169943749473,514.7815070493501
559.0169943749473,479.4323434029312
496.15871390892164,379.64806474052324
559.0169943749473,384.1476857205369
559.0169943749473,384.1476857205369
559.0169943749473,396.45246400169816
596.5758776365147,838.1527307120107
596.5758776365147,886.0022573334674
559.0169943749473,2512.4689052802228
559.0169943749473,1356.5683830083087
0.0,0.0
0.0,0.0
649.9999999999999,390.51248379533274
559.0169943749473,2636.8778887161257
790.5694150420948,1767.7669529663694
790.5694150420948,1767.7669529663694
790.5694150420948,471.6990566028301
696.4194138592061,439.2052305789416
696.4194138592061,439.2052305789416
522.0818369225696,790.5694150420948
604.1522986797286,934.0770846134702
604.1522986797286,934.0770846134702
850.0919067959651,583.9943344896843
1030.7764064044154,615.5536126122566
1030.7764064044154,615.5536126122566
696.4194138592061,756.7721464434676
731.5437444199765,2388.1216468178523
950.1461875826151,0.0
0.0,0.0
0.0,0.0
0.0,0.0
0.0,0.0
0.0,0.0
0.0,0.0
790.5694150420948,1932.9022507905352
1030.7764064044154,1850.3002759312096
1030.7764064044154,1850.3002759312096
0.0,0.0
0.0,0.0
0.0,0.0
0.0,0.0
0.0,0.0
0.0,0.0
1030.7764064044154,1213.5304899342254
1397.5424859373695,1685.3123680130575
2015.5644370746359,2761.340254296813
0.0,0.0
0.0,0.0
1111.8053386771944,1459.0771912410942
1111.8053386771944,2636.8778887161225
0.0,0.0
0.0,0.0
0.0,0.0
0.0,0.0
0.0,0.0
0.0,0.0
0.0,0.0
0.0,0.0
0.0,0.0
0.0,0.0
0.0,0.0
0.0,0.0
1520.6906325745556,2761.340254296813
1520.6906325745556,1932.9022507905352
790.5694150420948,1850.3002759312096
1030.7764064044154,1850.3002759312096
1030.7764064044154,1397.5424859373695
1520.6906325745556,2636.8778887161225
2761.340254296813,2636.8778887161225
2761.340254296813,2636.8778887161225
2263.846284534353,5505.678886386307
2761.340254296813,5755.432216610669
2761.340254296813,5755.432216610669
1152.4430571616115,2636.8778887161257
0.0,0.0
0.0,0.0
2761.340254296813,2761.3402542968165
2263.8462845343556,5755.432216610669
2263.8462845343556,5755.432216610669
2263.846284534353,5505.678886386322
2263.846284534353,5505.678886386322
2512.4689052802255,2885.849095153797
3010.398644698071,2761.3402542968165
3010.398644698071,2761.3402542968165
3508.91721190455,2139.6553460779605
3508.91721190455,2139.6553460779605
2761.340254296813,2139.6553460779605
2761.3402542968165,4257.346591481599
1397.5424859373686,4257.346591481599
3010.3986446980753,2139.6553460779605
1397.5424859373686,4756.574397610117
0.0,4756.574397610117
312.5,2263.8462845343556
1030.7764064044154,4257.346591481599
1030.7764064044154,4007.8048854703434
1111.8053386771944,2139.6553460779605
1111.8053386771944,2263.8462845343556
3259.6012026013277,4007.8048854703434
3259.6012026013277,4007.8048854703434
910.013736160065,2015.564437074638
910.013736160065,2015.564437074638
1193.1517552730295,4257.346591481599
1767.7669529663694,3758.3240945932334
3010.398644698071,2139.6553460779605
3010.398644698071,2139.6553460779605
2761.340254296813,2015.564437074638
3010.398644698071,1274.7548783981958
3010.398644698071,1274.7548783981958
2512.4689052802228,910.0137361600647
2512.4689052802228,910.0137361600647
2761.3402542968165,910.0137361600647
2512.4689052802228,743.3034373659254
2512.4689052802228,743.3034373659254
471.69905660283024,1767.7669529663685
790.5694150420951,1193.1517552730288
1152.4430571616115,1193.1517552730288
615.5536126122565,1193.1517552730288
634.6477588219925,1193.1517552730288
634.6477588219925,1193.1517552730288
254.95097567963924,1520.690632574555
559.0169943749473,1111.8053386771949
790.5694150420948,1111.8053386771949
531.25,1644.118304745738
5755.432216610669,1520.690632574555
5505.678886386322,1520.690632574555
1128.051417267848,1520.690632574555
686.0605019571373,1193.1517552730288
686.0605019571373,1193.1517552730288
634.6477588219925,910.0137361600647
579.4340356355435,743.3034373659254
579.4340356355435,743.3034373659254
650.0000000000001,743.3034373659254
660.270240222484,743.3034373659254
660.270240222484,743.3034373659254
634.6477588219925,790.5694150420951
634.6477588219925,790.5694150420951
634.6477588219925,790.5694150420951
731.5437444199764,531.25
626.9968101992225,559.0169943749474
626.9968101992225,559.0169943749474
559.0169943749474,559.0169943749474
518.759645932424,559.0169943749474
498.9658727295487,531.25
498.9658727295487,559.0169943749474
479.4323434029312,534.3162239353152
479.4323434029312,534.3162239353152
0.0,0.0
0.0,0.0
0.0,0.0
0.0,0.0
0.0,0.0
0.0,0.0
0.0,0.0
0.0,0.0
0.0,0.0
0.0,0.0
0.0,0.0
0.0,0.0
0.0,0.0
0.0,0.0
0.0,0.0
0.0,0.0
0.0,0.0
0.0,0.0
0.0,0.0
0.0,0.0
0.0,0.0
0.0,0.0
0.0,0.0
0.0,0.0
0.0,0.0
0.0,0.0
0.0,0.0
0.0,0.0
407.20550896397776,416.66666666666674
407.20550896397776,426.9923713687407
407.20550896397776,442.72555512389766
407.20550896397776,450.69390943299857
0.0,0.0
0.0,0.0
0.0,0.0
0.0,0.0
0.0,0.0
0.0,0.0
0.0,0.0
0.0,0.0
0.0,0.0
0.0,0.0
0.0,0.0
0.0,0.0
342.683003116583,317.4583014458746
320.1562118716424,282.8732950245786
322.1176270013798,302.32432915661946
312.5,258.1904934448729
322.1176270013798,254.9509756796392
322.1176270013798,254.9509756796392
316.7153958608716,267.8536207150792
316.7153958608716,257.6941016011038
316.7153958608716,256.8271940672497
316.7153958608716,252.5381361380527
308.38337932186835,250.34602092684798
308.38337932186835,250.0
326.8353249572163,250.34602092684798
314.7196258681279,250.43215244009414
314.7196258681279,250.43215244009414
314.7196258681279,250.43215244009414
316.7153958608716,259.465856837075
316.7153958608716,263.523138347365
314.7196258681279,325.4270698294439
306.0095889218354,325.4270698294439
306.0095889218354,333.4054131986657
297.7714225193616,623.723185591892
312.5,522.0818369225697
312.5,559.0169943749474
294.8119103767689,312.5
308.38337932186835,485.9126579037752
300.46260628866577,462.3143604748122
302.9174850847721,300.46260628866577
288.87497894868613,430.11626335213145
288.87497894868613,430.11626335213145
295.6869086084767,353.5533905932738
288.87497894868613,317.9373895493724
288.87497894868613,317.9373895493724
286.83687110446596,270.8333333333333
292.9864320795693,289.4259164468709
292.9864320795693,289.4259164468709
279.5084971874737,353.5533905932738
276.6288952845873,421.44370432878384
276.6288952845873,421.44370432878384
264.87025125521365,377.8594682918212
263.523138347365,377.8594682918212
261.00766272276377,377.8594682918212
260.0039246171614,377.8594682918212
256.37532210632907,285.98972613852783
256.9884898205107,285.98972613852783
260.0039246171614,252.21243250702594
254.49474198133274,250.21691978050654
254.9509756796392,250.21691978050654
254.49474198133274,251.03093220880137
250.8665537248395,276.6288952845873
250.8665537248395,276.6288952845873
254.49474198133274,257.6941016011038
252.31367399061952,257.6941016011038
252.5381361380527,254.9509756796392
252.5381361380527,276.29844453023435
254.09863380679428,365.5285366576885
254.09863380679428,365.5285366576885
256.9884898205107,314.7196258681279
254.09863380679428,376.2998305872593
254.09863380679428,388.11694838669456
254.49474198133274,426.9923713687407
254.49474198133274,468.1709386300883
254.49474198133274,485.9126579037752
256.37532210632907,751.1565157216645
256.9884898205107,496.1587139089215
256.9884898205107,496.1587139089215
257.6941016011038,514.7815070493501
257.6941016011038,559.0169943749474
258.51161453142765,534.3162239353152
257.6941016011038,583.9943344896848
254.9509756796392,615.5536126122565
254.9509756796392,615.5536126122565
254.9509756796392,644.2352540027596
261.00766272276377,1079.3516572461454
261.00766272276377,1079.3516572461454
263.523138347365,950.1461875826146
253.0971587062019,673.1456008918132
253.0971587062019,673.1456008918132
256.09845714702465,581.4851674806503
256.09845714702465,644.2352540027596
256.09845714702465,644.2352540027596
261.00766272276377,673.1456008918132
262.169195331201,858.6296628693792
262.169195331201,858.6296628693792
256.8271940672497,604.1522986797287
267.00011704117287,604.1522986797287
261.92272834750327,604.1522986797287
269.2582403567252,538.7849814149866
263.523138347365,503.89110926865936
263.523138347365,503.89110926865936
265.1140643723522,604.1522986797287
265.1140643723522,604.1522986797287
265.1140643723522,604.1522986797287
272.8788936964528,559.0169943749474
286.83687110446596,604.1522986797287
286.83687110446596,604.1522986797287
327.4881993447385,626.9968101992225
410.03048667141803,634.6477588219925
410.03048667141803,634.6477588219925
416.66666666666674,559.0169943749474
462.3143604748122,559.0169943749474
462.3143604748122,559.0169943749474
416.66666666666674,583.9943344896848
439.20523057894155,583.9943344896848
439.20523057894155,583.9943344896848
422.75170994859707,644.2352540027596
503.89110926865936,609.2142277628142
503.89110926865936,609.2142277628142
527.3151092940498,609.2142277628142
496.1587139089215,615.5536126122565
496.1587139089215,615.5536126122565
450.69390943299857,587.134194626748
425.0459533979826,830.2024518821365
425.0459533979826,830.2024518821365
465.6573146573321,790.5694150420951
400.195264839553,830.2024518821365
400.195264839553,830.2024518821365
373.71177908538084,886.0022573334674
334.488738299786,830.2024518821365
334.488738299786,830.2024518821365
373.71177908538084,838.1527307120107
337.8651988026934,509.9322152968283
337.8651988026934,559.0169943749474
339.1420957520773,820.2752967754176
312.5,712.0003121097944
312.5,712.0003121097944
252.5381361380527,591.1766199016729
559.0169943749473,689.7574255652844
416.66666666666663,689.7574255652844
712.0003121097944,743.3034373659254
1520.690632574555,712.0003121097944
3010.3986446980753,712.0003121097944
2015.5644370746359,712.0003121097944
485.9126579037752,650.0000000000001
416.66666666666674,650.0000000000001
712.0003121097942,559.0169943749474
886.0022573334677,534.3162239353152
886.0022573334677,534.3162239353152
1891.5932438026948,416.66666666666674
1030.7764064044154,300.46260628866577
1030.7764064044154,300.46260628866577
269.2582403567252,430.11626335213145
1767.7669529663694,790.5694150420951
1767.7669529663694,673.1456008918132
0.0,696.4194138592059
2885.8490951538,870.0255424092123
2885.8490951538,870.0255424092123
743.3034373659254,644.2352540027596
4506.939094329979,712.0003121097944
4506.939094329979,712.0003121097944
4756.574397610117,790.5694150420951
982.344135219425,673.1456008918132
1030.776406404415,673.1456008918132
1030.776406404415,439.20523057894155
583.9943344896848,522.0818369225697
583.9943344896848,559.0169943749474
421.44370432878384,514.7815070493501
430.11626335213145,731.5437444199764
430.11626335213145,731.5437444199764
416.66666666666674,559.0169943749474
1071.2466776818703,650.0000000000001
1071.2466776818703,650.0000000000001
0.0,0.0
0.0,0.0
0.0,0.0
0.0,0.0
790.5694150420948,441.2838145215364
634.6477588219923,583.9943344896848
534.3162239353151,462.3143604748122
514.78150704935,462.3143604748122
1079.3516572461447,531.25
2429.5632895188746,485.9126579037752
1829.6601460380566,485.9126579037752
3384.24659267022,534.3162239353152
1520.6906325745556,591.1766199016729
1459.0771912410942,591.1766199016729
2015.5644370746359,477.0105475773045
1079.3516572461447,503.89110926865936
1079.3516572461447,503.89110926865936
2098.2797186690295,509.9322152968283
2263.846284534353,559.0169943749474
2263.846284534353,587.134194626748
0.0,0.0
0.0,0.0
0.0,0.0
0.0,0.0
0.0,0.0
0.0,0.0
2761.340254296813,559.0169943749474
2636.8778887161225,485.9126579037752
0.0,0.0
0.0,0.0
6005.206074732141,458.7254016106371
3134.9840509961155,673.1456008918132
3010.3986446980753,673.1456008918132
3758.324094593226,587.134194626748
4756.574397610106,756.7721464434675
4756.574397610106,756.7721464434675
4257.346591481606,0.0
0.0,0.0
0.0,0.0
4756.574397610117,934.0770846134706
4756.574397610117,751.1565157216645
3758.324094593226,465.6573146573321
0.0,0.0
0.0,0.0
0.0,0.0
253.75255499845113,0.0
258.3666157392329,0.0
0.0,0.0
3010.398644698071,702.256407945132
3010.398644698071,702.256407945132
2429.5632895188746,460.19219843901317
838.1527307120103,411.55643382755176
790.5694150420948,442.72555512389766
0.0,0.0
0.0,0.0
0.0,0.0
0.0,0.0
0.0,0.0
0.0,0.0
0.0,0.0
0.0,0.0
0.0,0.0
0.0,0.0
0.0,0.0
0.0,0.0
0.0,0.0
0.0,0.0
0.0,0.0
0.0,0.0
0.0,0.0
0.0,0.0
0.0,0.0
0.0,0.0
0.0,0.0
0.0,0.0
0.0,0.0
0.0,0.0
0.0,0.0
0.0,0.0
0.0,0.0
0.0,0.0
0.0,0.0
0.0,0.0
0.0,0.0
0.0,0.0
0.0,0.0
0.0,0.0
0.0,0.0
0.0,0.0
0.0,0.0
0.0,0.0
0.0,0.0
0.0,0.0
0.0,0.0
0.0,0.0
0.0,0.0
0.0,0.0
0.0,0.0
0.0,0.0
0.0,0.0
0.0,0.0
0.0,0.0
0.0,0.0
0.0,0.0
0.0,0.0
0.0,0.0
0.0,0.0
0.0,0.0
0.0,0.0
0.0,0.0
0.0,0.0
982.3441352194252,441.2838145215364
0.0,0.0
0.0,0.0
0.0,0.0
0.0,0.0
1274.7548783981965,366.39793801219986
830.2024518821362,366.39793801219986
790.5694150420948,384.1476857205369
790.5694150420948,400.195264839553
982.3441352194252,381.71987002460014
751.1565157216643,368.5792919365444
0.0,0.0
0.0,0.0
0.0,0.0
0.0,0.0
0.0,0.0
0.0,0.0
0.0,0.0
0.0,0.0
0.0,0.0
0.0,0.0
0.0,0.0
0.0,0.0
615.5536126122566,381.71987002460014
689.7574255652845,384.1476857205369
689.7574255652845,404.6475866992014
689.7574255652845,404.6475866992014
689.7574255652845,381.71987002460014
583.9943344896843,400.195264839553
583.9943344896843,400.195264839553
450.6939094329986,450.69390943299857
493.07707308290054,450.69390943299857
514.78150704935,450.69390943299857
498.96587272954883,462.3143604748122
498.96587272954883,450.69390943299857
498.96587272954883,450.69390943299857
559.0169943749473,384.1476857205369
536.7727638395972,377.8594682918212
644.2352540027593,400.195264839553
644.2352540027593,416.66666666666674
790.5694150420948,430.11626335213145
982.3441352194252,441.2838145215364
982.3441352194252,441.2838145215364
1213.5304899342254,509.9322152968283
934.0770846134702,353.5533905932738
934.0770846134702,368.5792919365444
870.0255424092126,368.5792919365444
830.2024518821362,353.5533905932738
0.0,0.0
0.0,0.0
279.5084971874737,790.5694150420948
0.0,0.0
353.5533905932737,381.71987002460014
367.40333027966926,416.66666666666674
384.14768572053697,416.66666666666674
644.2352540027593,0.0
3134.9840509961105,485.9126579037752
3134.9840509961105,0.0
1274.7548783981958,673.1456008918132
766.8930825088987,1520.690632574555
816.9689538807077,1030.776406404415
719.8090024443984,1520.690632574555
1030.776406404415,3010.3986446980753
880.0079900205455,1274.7548783981958
927.1967846962267,712.0003121097944
927.1967846962267,712.0003121097944
892.8571428571424,790.5694150420951
927.1967846962267,2512.4689052802228
820.2752967754176,2512.4689052802228
790.5694150420951,731.5437444199764
0.0,0.0
0.0,0.0
0.0,0.0
0.0,0.0
0.0,0.0
0.0,0.0
0.0,0.0
0.0,0.0
0.0,0.0
0.0,0.0
824.5283129010852,2512.4689052802228
824.5283129010852,2512.4689052802228
790.5694150420951,950.1461875826146
790.5694150420951,1274.7548783981958
790.5694150420951,1274.7548783981958
760.98722886787,1397.5424859373686
738.0739030881348,1274.7548783981958
738.0739030881348,1274.7548783981958
702.256407945132,870.0255424092123
790.5694150420951,1152.4430571616115
790.5694150420951,790.5694150420951
731.5437444199764,2512.4689052802228
892.8571428571424,1274.7548783981958
1030.776406404415,2263.8462845343556
961.6365727025899,1397.5424859373686
927.1967846962267,1397.5424859373686
1274.7548783981958,2512.4689052802228
1030.776406404415,2263.846284534353
1071.2466776818703,2263.846284534353
1111.8053386771949,910.013736160065
1225.765067213126,2015.5644370746359
1225.765067213126,2015.5644370746359
1520.690632574555,2015.5644370746359
1767.7669529663685,2015.564437074638
1767.7669529663685,2015.564437074638
1336.0973954019964,2015.5644370746359
1850.3002759312114,2263.846284534353
1274.7548783981958,2015.564437074638
0.0,0.0
0.0,0.0
0.0,0.0
0.0,0.0
0.0,0.0
0.0,0.0
1274.7548783981958,1767.7669529663694
2512.4689052802228,910.013736160065
4506.939094329989,910.013736160065
0.0,0.0
0.0,0.0
2388.12164681785,450.6939094329986
4756.574397610117,307.2259023943795
4756.574397610117,307.2259023943795
0.0,0.0
0.0,0.0
0.0,0.0
0.0,0.0
0.0,0.0
0.0,0.0
0.0,0.0
0.0,0.0
4756.574397610106,257.6941016011038
4756.574397610106,254.95097567963924
5006.2460986251945,293.54495235526434
0.0,0.0
0.0,0.0
2263.846284534353,306.0095889218355
4756.574397610106,294.8119103767689
4756.574397610106,294.8119103767689
0.0,0.0
0.0,0.0
1520.6906325745556,261.5667405526047
1520.6906325745556,261.5667405526047
0.0,0.0
0.0,0.0
0.0,0.0
0.0,0.0
1438.556375136006,1091.515574785811
1356.5683830083087,910.0137361600647
2015.5644370746359,970.2609185162515
2015.5644370746359,970.2609185162515
1438.556375136006,465.6573146573321
2139.6553460779623,407.20550896397776
2139.6553460779623,407.20550896397776
2139.6553460779623,743.3034373659254
4007.8048854703497,1356.5683830083096
4007.8048854703497,1438.5563751360053
2015.5644370746359,1213.530489934225
2263.846284534353,2388.12164681785
2263.846284534353,2388.12164681785
4506.939094329979,5505.678886386322
4506.939094329979,5755.432216610669
4506.939094329979,5755.432216610669
4506.939094329979,2761.3402542968165
4257.346591481606,1767.7669529663685
4257.346591481606,1767.7669529663685
4007.8048854703497,2512.4689052802228
4007.8048854703497,559.0169943749473
4257.346591481606,534.3162239353151
4257.346591481606,509.93221529682825
4506.939094329979,559.0169943749473
4506.939094329979,559.0169943749473
4506.939094329979,534.3162239353151
4506.939094329979,450.6939094329986
4506.939094329979,307.2259023943795
4506.939094329979,253.4484387624258
4506.939094329979,253.86288972988336
4506.939094329979,253.4484387624258
0.0,0.0
0.0,0.0
0.0,0.0
0.0,0.0
5006.2460986251945,290.0453371075885
4506.939094329979,291.547594742265
0.0,0.0
0.0,0.0
4756.574397610106,282.8732950245786
4506.939094329979,252.53813613805266
4506.939094329979,252.79685520195855
4506.939094329979,0.0
0.0,0.0
0.0,0.0
0.0,0.0
0.0,0.0
0.0,0.0
0.0,0.0
0.0,0.0
0.0,0.0
0.0,0.0
0.0,0.0
5255.949010407159,1274.7548783981958
0.0,0.0
0.0,0.0
0.0,0.0
0.0,0.0
5505.678886386322,559.0169943749474
5505.678886386322,0.0
1520.690632574555,0.0
5255.949010407147,3508.9172119045447
5255.949010407147,1274.7548783981958
5006.246098625207,3508.91721190455
2388.12164681785,4257.346591481606
2388.12164681785,4257.346591481606
2388.12164681785,1767.7669529663694
1602.9486718059452,407.2055089639778
2388.12164681785,407.2055089639778
2388.12164681785,323.8634639050771
2512.4689052802228,421.44370432878384
2512.4689052802228,421.44370432878384
5505.678886386322,514.78150704935
5255.949010407147,468.1709386300882
5255.949010407147,468.1709386300882
5006.246098625207,442.72555512389766
2761.3402542968165,416.66666666666663
2761.3402542968165,416.66666666666663
5255.949010407147,353.5533905932737
5255.949010407147,317.9373895493724
5255.949010407147,317.9373895493724
5255.949010407147,315.40806667032166
5255.949010407147,323.0152364443613
5255.949010407147,312.5
5006.246098625207,296.32738205466586
5006.246098625207,296.32738205466586
4756.574397610117,368.57929193654445
2388.12164681785,330.8238873546535
2388.12164681785,330.8238873546535
2512.4689052802228,292.9864320795693
4506.939094329989,316.71539586087164
4506.939094329989,316.71539586087164
4506.939094329989,379.64806474052324
5505.678886386322,493.07707308290054
5505.678886386322,493.07707308290054
5255.949010407159,265.4655133449733
2512.4689052802228,265.4655133449733
5006.246098625207,252.21243250702594
5006.246098625207,252.21243250702594
2636.8778887161257,270.83333333333337
2388.12164681785,270.83333333333337
2388.12164681785,270.83333333333337
4756.574397610106,289.42591644687093
1767.7669529663685,329.26944490331744
1767.7669529663685,353.5533905932737
1767.7669529663685,390.51248379533274
1685.3123680130566,353.5533905932737
1685.3123680130566,400.19526483955303
1685.3123680130566,450.6939094329986
1685.3123680130566,634.6477588219923
1767.7669529663685,450.6939094329986
1767.7669529663685,450.6939094329986
1685.3123680130566,559.0169943749473
1213.530489934225,450.6939094329986
1213.530489934225,450.6939094329986
1520.690632574555,400.19526483955303
1438.5563751360053,615.5536126122566
1438.5563751360053,615.5536126122566
1091.515574785811,471.6990566028301
934.0770846134706,790.5694150420948
934.0770846134706,790.5694150420948
1030.776406404415,790.5694150420948
1079.3516572461454,559.0169943749473
1336.0973954019964,559.0169943749473
1030.776406404415,2015.5644370746359
1030.776406404415,1152.4430571616108
1030.776406404415,1152.4430571616108
1336.0973954019964,3010.398644698071
1336.0973954019964,3010.398644698071
1128.051417267848,1274.7548783981958
1128.051417267848,1274.7548783981958
1176.8602295939825,2263.8462845343556
1705.9180079945231,2761.3402542968165
2181.0420547170656,2761.3402542968165
2181.0420547170656,2761.3402542968165
1459.0771912410935,2761.3402542968165
1459.0771912410935,2761.3402542968165
1176.8602295939825,2263.8462845343556
990.4053603337263,1152.4430571616115
990.4053603337263,1152.4430571616115
858.6296628693792,1152.4430571616115
858.6296628693792,1152.4430571616115
858.6296628693792,790.5694150420951
858.6296628693792,1152.4430571616115
1071.2466776818703,2512.4689052802228
1071.2466776818703,2512.4689052802228
1071.2466776818703,2512.4689052802255
1128.051417267848,2761.340254296813
1079.3516572461454,2761.340254296813
1079.3516572461454,2761.340254296813
689.7574255652844,1397.5424859373686
982.344135219425,2512.4689052802228
982.344135219425,2512.4689052802228
870.0255424092123,2761.340254296813
870.0255424092123,2761.340254296813
870.0255424092123,2761.340254296813
910.0137361600647,2512.4689052802255
1079.3516572461454,1274.7548783981965
1079.3516572461454,1274.7548783981965
1079.3516572461454,1274.7548783981965
1079.3516572461454,950.1461875826151
1079.3516572461454,950.1461875826151
1079.3516572461454,1520.6906325745556
1079.3516572461454,1397.5424859373695
1079.3516572461454,1397.5424859373695
1079.3516572461454,1397.5424859373695
1030.776406404415,1397.5424859373695
1030.776406404415,1397.5424859373695
1079.3516572461454,1397.5424859373695
830.2024518821365,1397.5424859373695
830.2024518821365,1397.5424859373695
934.0770846134706,2512.4689052802255
1274.7548783981958,2512.4689052802255
1274.7548783981958,1152.4430571616108
0.0,0.0
0.0,0.0
0.0,0.0
0.0,0.0
1602.9486718059452,2512.4689052802255
1602.9486718059452,1274.7548783981965
0.0,0.0
0.0,0.0
1602.9486718059452,790.5694150420948
0.0,0.0
0.0,0.0
0.0,0.0
0.0,0.0
1685.3123680130566,559.0169943749473
2263.8462845343556,1274.7548783981965
4756.574397610117,615.5536126122566
5006.2460986251945,559.0169943749473
5006.2460986251945,559.0169943749473
5755.432216610669,416.66666666666663
5755.432216610669,384.14768572053697
0.0,0.0
0.0,0.0
0.0,0.0
0.0,0.0
0.0,0.0
0.0,0.0
0.0,0.0
0.0,0.0
0.0,0.0
0.0,0.0
0.0,0.0
0.0,0.0
0.0,0.0
0.0,0.0
0.0,0.0
0.0,0.0
0.0,0.0
0.0,0.0
0.0,0.0
0.0,0.0
0.0,0.0
0.0,0.0
0.0,0.0
0.0,0.0
886.0022573334674,790.5694150420948
838.1527307120107,790.5694150420948
0.0,0.0
1274.7548783981958,5505.678886386322
1193.1517552730288,5505.678886386322
522.0818369225697,0.0
1030.776406404415,471.6990566028301
0.0,0.0
0.0,0.0
332.19205664795777,304.5418636113457
394.79640009866375,294.0259294102016
394.79640009866375,287.93777672494815
439.2052305789416,0.0
322.11762700137973,282.8732950245786
312.5,282.8732950245786
0.0,0.0
559.0169943749474,267.00011704117287
559.0169943749474,0.0
0.0,0.0
0.0,0.0
0.0,0.0
579.4340356355435,726.2066049395662
0.0,726.2066049395662
0.0,0.0
2678.3597799980344,870.0255424092126
0.0,870.0255424092126
8503.675675847504,1169.8813824399429
1953.5624510109744,1817.2781845386253
1953.5624510109744,1520.6906325745556
2678.3597799980307,0.0
1315.6377836539116,8003.9052967910775
1030.7764064044154,4257.346591481599
1030.7764064044154,4257.346591481599
756.7721464434676,2015.564437074638
609.2142277628141,723.1591689755925
0.0,0.0
0.0,0.0
0.0,0.0
0.0,0.0
0.0,0.0
0.0,0.0
0.0,0.0
0.0,0.0
0.0,0.0
0.0,0.0
0.0,0.0
0.0,0.0
284.77191104867427,312.5
263.523138347365,263.523138347365
273.57938338322515,259.1307784316223
269.2582403567252,0.0
250.7385540462557,390.5124837953327
250.0,485.9126579037752
250.0,485.9126579037752
254.09863380679428,353.5533905932738
263.523138347365,496.1587139089215
263.523138347365,496.1587139089215
379.64806474052324,503.89110926865936
279.5084971874737,696.4194138592059
291.547594742265,522.0818369225697
294.8119103767689,4257.346591481599
0.0,0.0
0.0,0.0
0.0,0.0
0.0,0.0
0.0,0.0
0.0,0.0
353.5533905932737,1111.8053386771949
305.16389039334257,1030.776406404415
353.5533905932737,1111.8053386771949
320.1562118716424,1091.515574785811
336.3406011768427,1091.515574785811
400.19526483955303,838.1527307120107
305.16389039334257,712.0003121097944
305.16389039334257,712.0003121097944
400.19526483955303,696.4194138592059
450.6939094329986,934.0770846134706
450.6939094329986,934.0770846134706
527.3151092940501,838.1527307120107
496.15871390892164,1767.7669529663685
496.15871390892164,1891.5932438026932
503.8911092686594,1644.118304745738
477.01054757730464,3259.6012026013277
503.8911092686594,3259.6012026013277
330.8238873546535,300.46260628866577
300.46260628866577,384.14768572053697
307.2259023943795,384.14768572053697
377.85946829182114,1438.5563751360053
460.19219843901334,4257.346591481599
441.28381452153627,4257.346591481599
267.0001170411728,503.8911092686594
265.1140643723522,477.01054757730464
279.5084971874737,559.0169943749473
320.1562118716424,300.46260628866577
320.1562118716424,300.46260628866577
267.8536207150792,300.46260628866577
252.53813613805266,559.0169943749474
252.53813613805266,559.0169943749474
250.7385540462557,1274.7548783981958
250.7385540462557,1274.7548783981958
250.63694370746785,1520.690632574555
253.4484387624258,910.0137361600647
0.0,0.0
0.0,0.0
1767.7669529663694,450.6939094329986
1767.7669529663694,450.6939094329986
0.0,0.0
267.0001170411728,291.547594742265
353.5533905932737,450.6939094329986
450.6939094329986,450.6939094329986
450.6939094329986,450.6939094329986
353.5533905932737,450.6939094329986
0.0,0.0
1274.7548783981958,1030.7764064044154
1274.7548783981958,1030.7764064044154
1030.776406404415,1030.7764064044154
1030.776406404415,1030.7764064044154
0.0,0.0
0.0,0.0
2015.564437074638,254.95097567963924
1397.5424859373686,251.53847605937267
0.0,0.0
1767.7669529663685,252.53813613805266
1767.7669529663694,269.2582403567252
0.0,0.0
696.4194138592059,2139.6553460779623
696.4194138592059,2139.6553460779623
743.3034373659254,2263.846284534353
790.5694150420951,4506.939094329979
0.0,0.0
267.00011704117287,0.0
503.8911092686594,790.5694150420948
400.19526483955303,615.5536126122566
0.0,0.0
0.0,0.0
0.0,0.0
353.5533905932738,263.523138347365
353.5533905932738,250.0
353.5533905932738,250.0
250.0,263.523138347365
353.5533905932738,250.0
353.5533905932738,250.0
353.5533905932738,250.0
0.0,0.0
790.5694150420951,400.195264839553
1767.7669529663694,1274.7548783981965
0.0,0.0
0.0,0.0
0.0,0.0
0.0,0.0
0.0,0.0
0.0,0.0
1274.7548783981958,1520.690632574555
0.0,0.0
0.0,0.0
0.0,0.0
0.0,0.0
0.0,0.0
0.0,0.0
353.5533905932737,910.013736160065
279.5084971874737,1274.7548783981965
250.0,1152.4430571616108
250.0,1152.4430571616108
673.1456008918129,790.5694150420948
790.5694150420948,450.6939094329986
790.5694150420948,450.6939094329986
1030.7764064044154,450.6939094329986
1274.7548783981965,353.5533905932737
1274.7548783981965,353.5533905932737
1030.7764064044154,790.5694150420948
1030.7764064044154,790.5694150420948
0.0,0.0
0.0,0.0
353.5533905932737,634.6477588219923
0.0,0.0
400.19526483955303,353.5533905932737
353.5533905932737,325.42706982944395
0.0,0.0
0.0,0.0
0.0,0.0
559.0169943749474,267.00011704117287
559.0169943749473,950.1461875826151
559.0169943749473,950.1461875826151
0.0,731.5437444199765
256.8271940672497,261.5667405526047
256.8271940672497,256.5704627716603
269.2582403567252,260.0039246171614
269.2582403567252,260.0039246171614
291.547594742265,279.5084971874737
250.0,300.46260628866577
0.0,0.0
0.0,0.0
0.0,0.0
329.26944490331744,251.53847605937267
329.26944490331744,251.53847605937267
390.51248379533274,251.53847605937267
353.5533905932737,254.9509756796392
353.5533905932737,254.9509756796392
0.0,0.0
0.0,0.0
0.0,0.0
254.95097567963924,416.66666666666674
0.0,0.0
0.0,0.0
0.0,0.0
0.0,0.0
0.0,0.0
0.0,0.0
0.0,0.0
0.0,0.0
325.42706982944395,250.28328620986474
325.42706982944395,250.28328620986474
615.5536126122565,254.9509756796392
0.0,0.0
559.0169943749473,559.0169943749473
